customer_id,name,email,region,signup_date,segment
1,Company_1,contact1@company1.com,West,2023-05-23,enterprise
2,Company_2,contact2@company2.com,Southwest,2023-05-11,enterprise
3,Company_3,contact3@company3.com,West,2024-04-07,small-biz
4,Company_4,contact4@company4.com,Southeast,2023-10-25,small-biz
5,Company_5,contact5@company5.com,Northeast,2024-11-22,enterprise
6,Company_6,contact6@company6.com,Northeast,2024-06-13,mid-market
7,Company_7,contact7@company7.com,Southwest,2024-05-30,mid-market
8,Company_8,contact8@company8.com,West,2023-12-16,mid-market
9,Company_9,contact9@company9.com,Southwest,2024-07-23,mid-market
10,Company_10,contact10@company10.com,Southeast,2023-06-26,mid-market
11,Company_11,contact11@company11.com,Midwest,2024-07-02,small-biz
12,Company_12,contact12@company12.com,Northeast,2024-03-03,small-biz
13,Company_13,contact13@company13.com,Midwest,2023-12-27,mid-market
14,Company_14,contact14@company14.com,Northeast,2024-05-27,mid-market
15,Company_15,contact15@company15.com,Midwest,2024-11-28,enterprise
16,Company_16,contact16@company16.com,West,2024-06-30,enterprise
17,Company_17,contact17@company17.com,West,2023-08-14,small-biz
18,Company_18,contact18@company18.com,West,2024-07-23,enterprise
19,Company_19,contact19@company19.com,Northeast,2023-05-14,small-biz
20,Company_20,contact20@company20.com,Southeast,2023-03-13,small-biz
21,Company_21,contact21@company21.com,West,2023-07-26,mid-market
22,Company_22,contact22@company22.com,Midwest,2024-10-18,mid-market
23,Company_23,contact23@company23.com,Southeast,2023-03-03,small-biz
24,Company_24,contact24@company24.com,Southeast,2024-11-10,mid-market
25,Company_25,contact25@company25.com,Southeast,2023-11-23,enterprise
26,Company_26,contact26@company26.com,Midwest,2023-06-05,enterprise
27,Company_27,contact27@company27.com,Southwest,2024-02-13,enterprise
28,Company_28,contact28@company28.com,Northeast,2023-04-14,enterprise
29,Company_29,contact29@company29.com,West,2023-03-04,mid-market
30,Company_30,contact30@company30.com,Midwest,2024-07-30,enterprise
31,Company_31,contact31@company31.com,West,2023-07-23,enterprise
32,Company_32,contact32@company32.com,Northeast,2024-05-14,mid-market
33,Company_33,contact33@company33.com,Northeast,2024-01-30,mid-market
34,Company_34,contact34@company34.com,West,2023-05-16,small-biz
35,Company_35,contact35@company35.com,Southwest,2024-10-15,small-biz
36,Company_36,contact36@company36.com,West,2023-02-08,enterprise
37,Company_37,contact37@company37.com,Midwest,2023-06-29,enterprise
38,Company_38,contact38@company38.com,West,2024-01-24,enterprise
39,Company_39,contact39@company39.com,Northeast,2023-07-09,mid-market
40,Company_40,contact40@company40.com,Northeast,2023-06-05,mid-market
41,Company_41,contact41@company41.com,Northeast,2023-08-05,small-biz
42,Company_42,contact42@company42.com,Southeast,2023-03-29,mid-market
43,Company_43,contact43@company43.com,Southeast,2024-03-01,small-biz
44,Company_44,contact44@company44.com,Midwest,2024-05-21,enterprise
45,Company_45,contact45@company45.com,Midwest,2024-11-06,small-biz
46,Company_46,contact46@company46.com,Midwest,2023-06-30,enterprise
47,Company_47,contact47@company47.com,Midwest,2023-05-06,mid-market
48,Company_48,contact48@company48.com,Midwest,2024-04-26,small-biz
49,Company_49,contact49@company49.com,West,2023-08-22,small-biz
50,Company_50,contact50@company50.com,Midwest,2023-04-27,enterprise
51,Company_51,contact51@company51.com,Southwest,2023-11-19,enterprise
52,Company_52,contact52@company52.com,Midwest,2024-06-15,small-biz
53,Company_53,contact53@company53.com,West,2023-07-20,enterprise
54,Company_54,contact54@company54.com,Southwest,2024-08-09,enterprise
55,Company_55,contact55@company55.com,Southeast,2024-05-31,mid-market
56,Company_56,contact56@company56.com,West,2024-06-06,enterprise
57,Company_57,contact57@company57.com,Southwest,2023-09-18,small-biz
58,Company_58,contact58@company58.com,Southwest,2024-07-09,enterprise
59,Company_59,contact59@company59.com,Northeast,2024-03-29,small-biz
60,Company_60,contact60@company60.com,Northeast,2023-09-20,enterprise
61,Company_61,contact61@company61.com,Southwest,2023-02-26,small-biz
62,Company_62,contact62@company62.com,Southwest,2023-11-26,small-biz
63,Company_63,contact63@company63.com,West,2023-04-23,mid-market
64,Company_64,contact64@company64.com,Midwest,2023-10-05,mid-market
65,Company_65,contact65@company65.com,Midwest,2024-03-25,mid-market
66,Company_66,contact66@company66.com,West,2024-07-15,enterprise
67,Company_67,contact67@company67.com,West,2023-08-03,small-biz
68,Company_68,contact68@company68.com,Midwest,2024-06-11,enterprise
69,Company_69,contact69@company69.com,Midwest,2024-11-16,small-biz
70,Company_70,contact70@company70.com,Southwest,2023-11-14,small-biz
71,Company_71,contact71@company71.com,Southwest,2023-02-09,small-biz
72,Company_72,contact72@company72.com,Midwest,2024-05-21,small-biz
73,Company_73,contact73@company73.com,Midwest,2023-11-16,mid-market
74,Company_74,contact74@company74.com,Southwest,2023-11-14,enterprise
75,Company_75,contact75@company75.com,Midwest,2024-05-12,mid-market
76,Company_76,contact76@company76.com,Northeast,2023-03-23,mid-market
77,Company_77,contact77@company77.com,Southwest,2023-09-26,enterprise
78,Company_78,contact78@company78.com,West,2024-01-09,small-biz
79,Company_79,contact79@company79.com,West,2023-03-25,mid-market
80,Company_80,contact80@company80.com,West,2023-12-29,mid-market
81,Company_81,contact81@company81.com,Northeast,2023-05-16,small-biz
82,Company_82,contact82@company82.com,Southeast,2024-08-17,mid-market
83,Company_83,contact83@company83.com,Southwest,2023-10-26,small-biz
84,Company_84,contact84@company84.com,Northeast,2023-06-19,small-biz
85,Company_85,contact85@company85.com,Midwest,2023-01-18,enterprise
86,Company_86,contact86@company86.com,Southwest,2023-12-09,mid-market
87,Company_87,contact87@company87.com,Midwest,2024-09-26,mid-market
88,Company_88,contact88@company88.com,Southwest,2024-03-02,small-biz
89,Company_89,contact89@company89.com,Southwest,2023-09-15,small-biz
90,Company_90,contact90@company90.com,West,2024-09-01,enterprise
91,Company_91,contact91@company91.com,Southeast,2023-10-09,mid-market
92,Company_92,contact92@company92.com,Southwest,2024-08-13,mid-market
93,Company_93,contact93@company93.com,Southeast,2023-10-12,enterprise
94,Company_94,contact94@company94.com,West,2023-12-06,enterprise
95,Company_95,contact95@company95.com,Midwest,2023-06-19,mid-market
96,Company_96,contact96@company96.com,Northeast,2024-01-13,enterprise
97,Company_97,contact97@company97.com,Southeast,2024-07-31,mid-market
98,Company_98,contact98@company98.com,West,2024-04-05,small-biz
99,Company_99,contact99@company99.com,Northeast,2023-02-11,small-biz
100,Company_100,contact100@company100.com,Southeast,2024-05-18,enterprise
101,Company_101,contact101@company101.com,Southeast,2023-11-18,small-biz
102,Company_102,contact102@company102.com,Southwest,2023-04-03,mid-market
103,Company_103,contact103@company103.com,Southeast,2024-11-09,mid-market
104,Company_104,contact104@company104.com,Southeast,2023-12-26,enterprise
105,Company_105,contact105@company105.com,West,2024-09-12,mid-market
106,Company_106,contact106@company106.com,Southeast,2023-09-29,small-biz
107,Company_107,contact107@company107.com,West,2024-05-15,small-biz
108,Company_108,contact108@company108.com,Northeast,2024-10-17,small-biz
109,Company_109,contact109@company109.com,Northeast,2024-11-06,enterprise
110,Company_110,contact110@company110.com,Southwest,2024-08-16,mid-market
111,Company_111,contact111@company111.com,West,2023-05-19,enterprise
112,Company_112,contact112@company112.com,West,2023-03-01,small-biz
113,Company_113,contact113@company113.com,Northeast,2024-10-05,enterprise
114,Company_114,contact114@company114.com,Southeast,2023-08-28,mid-market
115,Company_115,contact115@company115.com,Southwest,2024-06-03,enterprise
116,Company_116,contact116@company116.com,Southwest,2023-08-05,small-biz
117,Company_117,contact117@company117.com,Southwest,2023-03-04,enterprise
118,Company_118,contact118@company118.com,West,2024-05-05,enterprise
119,Company_119,contact119@company119.com,Midwest,2023-11-03,mid-market
120,Company_120,contact120@company120.com,Southwest,2024-07-08,mid-market
121,Company_121,contact121@company121.com,Southeast,2024-10-11,small-biz
122,Company_122,contact122@company122.com,Southeast,2023-01-13,enterprise
123,Company_123,contact123@company123.com,Southeast,2024-07-08,enterprise
124,Company_124,contact124@company124.com,West,2023-01-27,small-biz
125,Company_125,contact125@company125.com,West,2024-07-13,mid-market
126,Company_126,contact126@company126.com,West,2023-12-22,small-biz
127,Company_127,contact127@company127.com,West,2023-08-11,enterprise
128,Company_128,contact128@company128.com,Midwest,2023-06-12,mid-market
129,Company_129,contact129@company129.com,Southwest,2024-07-09,mid-market
130,Company_130,contact130@company130.com,Midwest,2023-03-15,mid-market
131,Company_131,contact131@company131.com,Midwest,2023-10-16,mid-market
132,Company_132,contact132@company132.com,Midwest,2023-05-26,enterprise
133,Company_133,contact133@company133.com,Midwest,2023-09-10,mid-market
134,Company_134,contact134@company134.com,Northeast,2023-03-14,mid-market
135,Company_135,contact135@company135.com,Northeast,2023-02-27,enterprise
136,Company_136,contact136@company136.com,Southwest,2024-08-17,mid-market
137,Company_137,contact137@company137.com,Midwest,2024-12-01,enterprise
138,Company_138,contact138@company138.com,Southeast,2023-12-26,small-biz
139,Company_139,contact139@company139.com,Southwest,2024-07-03,enterprise
140,Company_140,contact140@company140.com,West,2024-09-06,small-biz
141,Company_141,contact141@company141.com,West,2023-04-28,small-biz
142,Company_142,contact142@company142.com,Midwest,2023-11-25,enterprise
143,Company_143,contact143@company143.com,Southeast,2023-07-21,mid-market
144,Company_144,contact144@company144.com,Southeast,2024-09-07,mid-market
145,Company_145,contact145@company145.com,West,2023-12-14,enterprise
146,Company_146,contact146@company146.com,Southwest,2023-01-17,mid-market
147,Company_147,contact147@company147.com,Southeast,2024-10-02,enterprise
148,Company_148,contact148@company148.com,Midwest,2024-10-01,small-biz
149,Company_149,contact149@company149.com,West,2024-08-16,small-biz
150,Company_150,contact150@company150.com,West,2023-01-22,small-biz
151,Company_151,contact151@company151.com,West,2024-10-17,small-biz
152,Company_152,contact152@company152.com,Midwest,2024-10-27,enterprise
153,Company_153,contact153@company153.com,Southwest,2024-04-03,mid-market
154,Company_154,contact154@company154.com,Midwest,2023-01-05,mid-market
155,Company_155,contact155@company155.com,Southwest,2024-01-03,enterprise
156,Company_156,contact156@company156.com,Northeast,2023-10-30,mid-market
157,Company_157,contact157@company157.com,West,2023-02-15,small-biz
158,Company_158,contact158@company158.com,Southwest,2023-08-08,enterprise
159,Company_159,contact159@company159.com,Southeast,2023-06-19,mid-market
160,Company_160,contact160@company160.com,Southeast,2023-03-04,enterprise
161,Company_161,contact161@company161.com,West,2023-11-08,enterprise
162,Company_162,contact162@company162.com,Midwest,2023-06-28,mid-market
163,Company_163,contact163@company163.com,Southeast,2024-05-10,small-biz
164,Company_164,contact164@company164.com,Midwest,2023-08-13,mid-market
165,Company_165,contact165@company165.com,Midwest,2024-06-22,mid-market
166,Company_166,contact166@company166.com,Midwest,2024-10-26,mid-market
167,Company_167,contact167@company167.com,Southwest,2024-02-26,small-biz
168,Company_168,contact168@company168.com,Southeast,2024-09-07,small-biz
169,Company_169,contact169@company169.com,Northeast,2024-08-26,mid-market
170,Company_170,contact170@company170.com,Southwest,2024-08-29,small-biz
171,Company_171,contact171@company171.com,Midwest,2024-08-10,small-biz
172,Company_172,contact172@company172.com,Southeast,2023-03-01,mid-market
173,Company_173,contact173@company173.com,Southeast,2024-07-31,enterprise
174,Company_174,contact174@company174.com,Northeast,2023-11-19,small-biz
175,Company_175,contact175@company175.com,West,2024-02-23,small-biz
176,Company_176,contact176@company176.com,Midwest,2024-01-25,small-biz
177,Company_177,contact177@company177.com,Southeast,2024-06-13,mid-market
178,Company_178,contact178@company178.com,Southeast,2023-01-16,mid-market
179,Company_179,contact179@company179.com,Southwest,2023-09-07,small-biz
180,Company_180,contact180@company180.com,Southeast,2024-10-09,small-biz
181,Company_181,contact181@company181.com,Southeast,2023-02-07,small-biz
182,Company_182,contact182@company182.com,Southwest,2024-02-28,enterprise
183,Company_183,contact183@company183.com,Midwest,2023-06-22,small-biz
184,Company_184,contact184@company184.com,Midwest,2023-08-08,small-biz
185,Company_185,contact185@company185.com,Northeast,2023-09-19,mid-market
186,Company_186,contact186@company186.com,Southeast,2024-06-21,enterprise
187,Company_187,contact187@company187.com,Northeast,2024-10-30,mid-market
188,Company_188,contact188@company188.com,Northeast,2023-03-10,enterprise
189,Company_189,contact189@company189.com,Midwest,2023-02-17,small-biz
190,Company_190,contact190@company190.com,West,2024-07-19,enterprise
191,Company_191,contact191@company191.com,Northeast,2024-11-26,mid-market
192,Company_192,contact192@company192.com,Southwest,2023-05-25,enterprise
193,Company_193,contact193@company193.com,Southwest,2024-10-14,enterprise
194,Company_194,contact194@company194.com,Midwest,2024-04-14,enterprise
195,Company_195,contact195@company195.com,Northeast,2023-02-22,small-biz
196,Company_196,contact196@company196.com,Southeast,2024-05-04,small-biz
197,Company_197,contact197@company197.com,Southwest,2024-03-17,small-biz
198,Company_198,contact198@company198.com,Midwest,2023-12-20,small-biz
199,Company_199,contact199@company199.com,Southeast,2024-05-22,mid-market
200,Company_200,contact200@company200.com,West,2024-07-01,enterprise
